Workbook

Sheet standard
A1: Constraints
A2: launch rail [m] | B2: inclination [°] | C2: main deployment height [m] | D2: min stability @ rail exit [cal] | E2: min rail exit velocity [m/s] | F2: max drift [m] | G2: max impact speed [m/s] | H2: max shock drogue [g] | I2: max shock main [g] | K2: max speed @ main deployment [m/s] | P2: wind direction: 90° (coming from East, blowing North); launch rail direction: 180° (pointing North; average case)
A3: 7 | B3: 2 | C3: 400 | D3: 1.59 | F3: 1000 | G3: 7 | I3: 15 | J3: (or 29 g?) | K3: 25
F4: thrust to weight ratio @ rail exit | H4: rail exit velocity [m/s] | J4: stability @ rail exit [cal] | L4: max instability in supersonic region [cal] | N4: apogee [m] | Q4: impact speed [m/s] | S4: Landing distance from launch rail [m] | W4: shock @ drogue deployment [g] | Y4: shock @ main deployment [g] | AA4: speed @ main deployment [m/s]
A5: payload [kg] | B5: total weight (without motor) [kg] | C5: total weight (without prop.; with motor casing) [kg] | D5: (without motor) Total CG of rocket from tip [mm] | E5: wind speed [m/s] | F5: OpenRocket | G5: RocketPy | H5: OpenRocket | I5: RocketPy | J5: OpenRocket | K5: RocketPy | L5: OpenRocket | M5: RocketPy | N5: OpenRocket | O5: RocketPy | P5: Diff | Q5: OpenRocket | R5: RocketPy | S5: OpenRocket | T5: RocketPy | U5: Min | V5: Max | W5: OpenRocket | X5: RocketPy | Y5: OpenRocket | Z5: RocketPy | AA5: OpenRocket | AB5: RocketPy
A6: 0 | B6: 5.584 | C6: 8.692 | D6: 1100.768 | E6: 0 | F6: 20.388034 | G6: 20.27 | H6: 48.869867 | I6: 47.3 | J6: 0.80044556 | K6: 1.1 | L6: 0.48057146 | M6: 1.33 | N6: 6233.877 | O6: 6592 | P6: =O6-N6 -> 358.12298 | Q6: 4.5364465 | R6: 4.75 | S6: 371.45075 | T6: 399 | U6: =MIN(S6:T14) -> 371.45075 | V6: =MAX(S6:T14) -> 2224.0796 | W6: 0.95231688 | X6: 0.95 | Y6: 18.557616 | Z6: 13 | AA6: 20.363083 | AB6: 20.73
A7: 0 | B7: 5.584 | C7: 8.692 | D7: 1100.768 | E7: 1 | F7: 20.388034 | G7: 20.27 | H7: 48.869335 | I7: 47.3 | J7: 0.63000275 | K7: 1.1 | L7: 0.48092614 | M7: 1.34 | N7: 6233.2978 | O7: 6590 | P7: =O7-N7 -> 356.70223 | Q7: 4.6452707 | R7: 4.75 | S7: 448.90126 | T7: 453 | W7: 0.95053067 | X7: 0.95 | Y7: 18.557373 | Z7: 13 | AA7: 20.387054 | AB7: 20.75
A8: 0 | B8: 5.584 | C8: 8.692 | D8: 1100.768 | E8: 2 | F8: 20.388034 | G8: 20.27 | H8: 48.868046 | I8: 47.3 | J8: 0.47762327 | K8: 1.1 | L8: 0.48087331 | M8: 1.34 | N8: 6231.5874 | O8: 6587 | P8: =O8-N8 -> 355.41258 | Q8: 4.9575934 | R8: 4.75 | S8: 624.1661 | T8: 583 | W8: 0.94050987 | X8: 0.95 | Y8: 18.55713 | Z8: 13 | AA8: 20.46017 | AB8: 20.81
A9: 0 | B9: 5.584 | C9: 8.692 | D9: 1100.768 | E9: 3 | F9: 20.388034 | G9: 20.27 | H9: 48.866299 | I9: 47.3 | J9: 0.34244151 | K9: 1.1 | L9: 0.48105774 | M9: 1.33 | N9: 6229.1071 | O9: 6579 | P9: =O9-N9 -> 349.89291 | Q9: 5.4384672 | R9: 4.75 | S9: 845.37575 | T9: 701 | W9: 0.924723 | X9: 0.95 | Y9: 18.55689 | Z9: 13 | AA9: 20.582285 | AB9: 20.94
A10: 0 | B10: 5.584 | C10: 8.692 | D10: 1100.768 | E10: 4 | F10: 20.388034 | G10: 20.27 | H10: 48.864308 | I10: 47.3 | J10: 0.22207627 | K10: 1.1 | L10: 0.48095774 | M10: 1.33 | N10: 6226.0387 | O10: 6571 | P10: =O10-N10 -> 344.96128 | Q10: 6.0478193 | R10: 4.75 | S10: 1091.7671 | T10: 893 | W10: 0.90456347 | X10: 0.95 | Y10: 18.556652 | Z10: 13 | AA10: 20.752263 | AB10: 21.06
A11: 0 | B11: 5.584 | C11: 8.692 | D11: 1100.768 | E11: 5 | F11: 20.388034 | G11: 20.27 | H11: 48.862231 | I11: 47.3 | J11: 0.1144494 | K11: 1.1 | L11: 0.4809036 | M11: 1.33 | N11: 6222.7352 | O11: 6557 | P11: =O11-N11 -> 334.26477 | Q11: 6.7509488 | R11: 4.75 | S11: 1350.7504 | T11: 1042 | W11: 0.89148666 | X11: 0.96 | Y11: 18.556391 | Z11: 13.01 | AA11: 20.963044 | AB11: 21.34
A12: 0 | B12: 5.584 | C12: 8.692 | D12: 1100.768 | E12: 6 | F12: 20.388034 | G12: 20.27 | H12: 48.860187 | I12: 47.3 | J12: 0.017840444 | K12: 1.1 | L12: 0.48094787 | M12: 1.33 | N12: 6219.4406 | O12: 6551 | P12: =O12-N12 -> 331.5594 | Q12: 7.5216024 | R12: 4.75 | S12: 1627.4332 | T12: 1270 | W12: 0.87334482 | X12: 0.97 | Y12: 18.556152 | Z12: 13.01 | AA12: 21.224257 | AB12: 21.6
A13: 0 | B13: 5.584 | C13: 8.692 | D13: 1100.768 | E13: 7 | F13: 20.388034 | G13: 20.27 | H13: 48.858264 | I13: 47.3 | J13: -0.069159519 | K13: 1.1 | L13: 0.48017868 | M13: 1.33 | N13: 6216.4995 | O13: 6536 | P13: =O13-N13 -> 319.50047 | Q13: 8.3410848 | R13: 4.75 | S13: 1918.4867 | T13: 1579 | W13: 0.86019314 | X13: 0.98 | Y13: 18.555912 | Z13: 13.01 | AA13: 21.52881 | AB13: 22.43
A14: 0 | B14: 5.584 | C14: 8.692 | D14: 1100.768 | E14: 8 | F14: 20.388034 | G14: 20.27 | H14: 48.856524 | I14: 47.3 | J14: -0.14773078 | K14: 1.1 | L14: 0.47964391 | M14: 1.33 | N14: 6214.1531 | O14: 6496 | P14: =O14-N14 -> 281.84693 | Q14: 9.1963519 | R14: 4.75 | S14: 2224.0796 | T14: 1634 | W14: 0.86022285 | X14: 1.14 | Y14: 18.555671 | Z14: 13.02 | AA14: 21.87425 | AB14: 22.45
A15: 2 | B15: =$B$6+A15 -> 7.584 | C15: =$C$6+A15 -> 10.692 | D15: 893.208 | E15: 0 | F15: 17.81112 | G15: 17.71 | H15: 45.537066 | I15: 44 | J15: 1.9410087 | K15: 2.24 | L15: 2.6635303 | M15: 3.09 | N15: 6109.7362 | O15: 6419 | P15: =O15-N15 -> 309.26382 | Q15: 5.0444775 | R15: 5.26 | S15: 390.02058 | T15: 418 | U15: =MIN(S15:T23) -> 390.02058 | V15: =MAX(S15:T23) -> 1532.1318 | W15: 0.94365203 | X15: 0.96 | Y15: 18.567092 | Z15: 13.65 | AA15: 22.630598 | AB15: 22.99
A16: 2 | B16: =$B$6+A16 -> 7.584 | C16: =$C$6+A16 -> 10.692 | D16: 893.208 | E16: 1 | F16: 17.81112 | G16: 17.71 | H16: 45.536568 | I16: 44 | J16: 1.7589557 | K16: 2.24 | L16: 2.6635608 | M16: 3.1 | N16: 6108.7808 | O16: 6418 | P16: =O16-N16 -> 309.21916 | Q16: 5.1425437 | R16: 5.26 | S16: 433.49653 | T16: 445 | W16: 0.93991376 | X16: 0.96 | Y16: 18.566849 | Z16: 13.65 | AA16: 22.652089 | AB16: 23
A17: 2 | B17: =$B$6+A17 -> 7.584 | C17: =$C$6+A17 -> 10.692 | D17: 893.208 | E17: 2 | F17: 17.81112 | G17: 17.71 | H17: 45.535377 | I17: 44 | J17: 1.5975929 | K17: 2.24 | L17: 2.6635432 | M17: 3.09 | N17: 6106.0165 | O17: 6414 | P17: =O17-N17 -> 307.98345 | Q17: 5.4263024 | R17: 5.26 | S17: 536.65001 | T17: 516 | W17: 0.92766001 | X17: 0.96 | Y17: 18.566608 | Z17: 13.65 | AA17: 22.718172 | AB17: 23.06
A18: 2 | B18: =$B$6+A18 -> 7.584 | C18: =$C$6+A18 -> 10.692 | D18: 893.208 | E18: 3 | F18: 17.81112 | G18: 17.71 | H18: 45.533786 | I18: 44 | J18: 1.4556459 | K18: 2.24 | L18: 2.6634474 | M18: 3.1 | N18: 6101.5362 | O18: 6403 | P18: =O18-N18 -> 301.46383 | Q18: 5.8688806 | R18: 5.26 | S18: 674.6666 | T18: 567 | W18: 0.91907682 | X18: 0.97 | Y18: 18.566375 | Z18: 13.65 | AA18: 22.829154 | AB18: 23.18
A19: 2 | B19: =$B$6+A19 -> 7.584 | C19: =$C$6+A19 -> 10.692 | D19: 893.208 | E19: 4 | F19: 17.81112 | G19: 17.71 | H19: 45.532002 | I19: 44 | J19: 1.3301656 | K19: 2.24 | L19: 2.6628075 | M19: 3.1 | N19: 6095.4041 | O19: 6394 | P19: =O19-N19 -> 298.59588 | Q19: 6.4376052 | R19: 5.26 | S19: 830.28717 | T19: 691 | W19: 0.91379166 | X19: 0.98 | Y19: 18.566127 | Z19: 13.65 | AA19: 22.980685 | AB19: 23.29
A20: 2 | B20: =$B$6+A20 -> 7.584 | C20: =$C$6+A20 -> 10.692 | D20: 893.208 | E20: 5 | F20: 17.81112 | G20: 17.71 | H20: 45.530175 | I20: 44 | J20: 1.2187321 | K20: 2.24 | L20: 2.6627069 | M20: 3.09 | N20: 6087.7073 | O20: 6376 | P20: =O20-N20 -> 288.29268 | Q20: 7.1022364 | R20: 5.26 | S20: 999.36553 | T20: 774 | W20: 0.94522883 | X20: 0.99 | Y20: 18.565901 | Z20: 13.65 | AA20: 23.178068 | AB20: 23.54
A21: 2 | B21: =$B$6+A21 -> 7.584 | C21: =$C$6+A21 -> 10.692 | D21: 893.208 | E21: 6 | F21: 17.81112 | G21: 17.71 | H21: 45.528415 | I21: 44 | J21: 1.1193481 | K21: 2.24 | L21: 2.6628248 | M21: 3.09 | N21: 6078.5571 | O21: 6369 | P21: =O21-N21 -> 290.44287 | Q21: 7.8384159 | R21: 5.26 | S21: 1172.4438 | T21: 950 | W21: 0.96725371 | X21: 0.99 | Y21: 18.565644 | Z21: 13.65 | AA21: 23.411346 | AB21: 23.77
A22: 2 | B22: =$B$6+A22 -> 7.584 | C22: =$C$6+A22 -> 10.692 | D22: 893.208 | E22: 7 | F22: 17.81112 | G22: 17.71 | H22: 45.526799 | I22: 44 | J22: 1.0303897 | K22: 2.24 | L22: 2.6625467 | M22: 3.09 | N22: 6068.0085 | O22: 6351 | P22: =O22-N22 -> 282.99153 | Q22: 8.6278483 | R22: 5.26 | S22: 1355.8265 | T22: 1173 | W22: 0.97956573 | X22: 1.01 | Y22: 18.565422 | Z22: 13.65 | AA22: 23.690456 | AB22: 24.52
A23: 2 | B23: =$B$6+A23 -> 7.584 | C23: =$C$6+A23 -> 10.692 | D23: 893.208 | E23: 8 | F23: 17.81112 | G23: 17.71 | H23: 45.525379 | I23: 44 | J23: 0.95050921 | K23: 2.24 | L23: 2.6618745 | M23: 3.09 | N23: 6056.229 | O23: 6300 | P23: =O23-N23 -> 243.771 | Q23: 9.4572072 | R23: 5.26 | S23: 1532.1318 | T23: 1152 | W23: 0.98663504 | X23: 1.26 | Y23: 18.565132 | Z23: 13.66 | AA23: 23.996632 | AB23: 24.57
A24: 2.5 | B24: =$B$6+A24 -> 8.084 | C24: =$C$6+A24 -> 11.192 | D24: 857.365 | E24: 0 | F24: 17.249288 | G24: 17.17 | H24: 44.031822 | I24: 43.3 | J24: 2.1798402 | K24: 2.49 | L24: 3.116621 | M24: 3.45 | N24: 6062.623 | O24: 6361 | P24: =O24-N24 -> 298.37697 | Q24: 5.1636848 | R24: 5.39 | S24: 393.71039 | T24: 420 | U24: =MIN(S24:T32) -> 393.71039 | V24: =MAX(S24:T32) -> 1426.2107 | W24: 0.94441344 | X24: 0.96 | Y24: 18.569498 | Z24: 13.78 | AA24: 23.169462 | AB24: 23.52
A25: 2.5 | B25: =$B$6+A25 -> 8.084 | C25: =$C$6+A25 -> 11.192 | D25: 857.365 | E25: 1 | F25: 17.249288 | G25: 17.17 | H25: 44.031341 | I25: 43.3 | J25: 1.9920114 | K25: 2.49 | L25: 3.1166119 | M25: 3.45 | N25: 6061.6025 | O25: 6359 | P25: =O25-N25 -> 297.39746 | Q25: 5.2595242 | R25: 5.39 | S25: 431.5015 | T25: 443 | W25: 0.94082181 | X25: 0.96 | Y25: 18.569255 | Z25: 13.78 | AA25: 23.190529 | AB25: 23.53
A26: 2.5 | B26: =$B$6+A26 -> 8.084 | C26: =$C$6+A26 -> 11.192 | D26: 857.365 | E26: 2 | F26: 17.249288 | G26: 17.17 | H26: 44.030196 | I26: 43.3 | J26: 1.8262553 | K26: 2.49 | L26: 3.1166471 | M26: 3.45 | N26: 6058.6381 | O26: 6355 | P26: =O26-N26 -> 296.36187 | Q26: 5.5372871 | R26: 5.39 | S26: 521.97571 | T26: 504 | W26: 0.9301425 | X26: 0.96 | Y26: 18.569016 | Z26: 13.78 | AA26: 23.2553 | AB26: 23.59
A27: 2.5 | B27: =$B$6+A27 -> 8.084 | C27: =$C$6+A27 -> 11.192 | D27: 857.365 | E27: 3 | F27: 17.249288 | G27: 17.17 | H27: 44.028679 | I27: 43.3 | J27: 1.6810278 | K27: 2.49 | L27: 3.1160495 | M27: 3.45 | N27: 6053.7759 | O27: 6344 | P27: =O27-N27 -> 290.22413 | Q27: 5.9716415 | R27: 5.39 | S27: 640.96551 | T27: 543 | W27: 0.905359 | X27: 0.97 | Y27: 18.568706 | Z27: 13.78 | AA27: 23.35085 | AB27: 23.7
A28: 2.5 | B28: =$B$6+A28 -> 8.084 | C28: =$C$6+A28 -> 11.192 | D28: 857.365 | E28: 4 | F28: 17.249288 | G28: 17.17 | H28: 44.026991 | I28: 43.3 | J28: 1.553119 | K28: 2.49 | L28: 3.1159844 | M28: 3.45 | N28: 6047.103 | O28: 6334 | P28: =O28-N28 -> 286.89703 | Q28: 6.5314207 | R28: 5.39 | S28: 784.43854 | T28: 652 | W28: 0.92969423 | X28: 0.98 | Y28: 18.568525 | Z28: 13.78 | AA28: 23.510082 | AB28: 23.81
A29: 2.5 | B29: =$B$6+A29 -> 8.084 | C29: =$C$6+A29 -> 11.192 | D29: 857.365 | E29: 5 | F29: 17.249288 | G29: 17.17 | H29: 44.025279 | I29: 43.3 | J29: 1.4399158 | K29: 2.49 | L29: 3.1159347 | M29: 3.45 | N29: 6038.6682 | O29: 6316 | P29: =O29-N29 -> 277.33179 | Q29: 7.1873785 | R29: 5.39 | S29: 929.78421 | T29: 722 | W29: 0.95944425 | X29: 0.99 | Y29: 18.568224 | Z29: 13.78 | AA29: 23.690624 | AB29: 24.06
A30: 2.5 | B30: =$B$6+A30 -> 8.084 | C30: =$C$6+A30 -> 11.192 | D30: 857.365 | E30: 6 | F30: 17.249288 | G30: 17.17 | H30: 44.023647 | I30: 43.3 | J30: 1.3392755 | K30: 2.49 | L30: 3.1153888 | M30: 3.45 | N30: 6028.5736 | O30: 6309 | P30: =O30-N30 -> 280.4264 | Q30: 7.9156405 | R30: 5.39 | S30: 1094.8353 | T30: 887 | W30: 0.97708742 | X30: 0.99 | Y30: 18.568045 | Z30: 13.78 | AA30: 23.931616 | AB30: 24.28
A31: 2.5 | B31: =$B$6+A31 -> 8.084 | C31: =$C$6+A31 -> 11.192 | D31: 857.365 | E31: 7 | F31: 17.249288 | G31: 17.17 | H31: 44.022168 | I31: 43.3 | J31: 1.2494637 | K31: 2.49 | L31: 3.1149034 | M31: 3.45 | N31: 6016.8689 | O31: 6289 | P31: =O31-N31 -> 272.13111 | Q31: 8.6980641 | R31: 5.39 | S31: 1251.2637 | T31: 1090 | W31: 0.9859724 | X31: 1.02 | Y31: 18.567751 | Z31: 13.78 | AA31: 24.193065 | AB31: 25.02
A32: 2.5 | B32: =$B$6+A32 -> 8.084 | C32: =$C$6+A32 -> 11.192 | D32: 857.365 | E32: 8 | F32: 17.249288 | G32: 17.17 | H32: 44.020888 | I32: 43.3 | J32: 1.1690469 | K32: 2.49 | L32: 3.1185899 | M32: 3.45 | N32: 6003.6825 | O32: 6237 | P32: =O32-N32 -> 233.3175 | Q32: 9.5213063 | R32: 5.39 | S32: 1426.2107 | T32: 1056 | W32: 0.99035907 | X32: 1.27 | Y32: 18.567554 | Z32: 13.8 | AA32: 24.50793 | AB32: 25.07
P33: =AVERAGE(P6:P32) -> 303.58341 | AC33: Average

Sheet main_at_apogee
A1: Constraints
A2: launch rail [m] | B2: inclination [°] | C2: main deployment height [m] | D2: min stability @ rail exit [cal] | E2: min rail exit velocity [m/s] | F2: max drift [m] | G2: max impact speed [m/s] | H2: max shock drogue [g] | I2: max shock main [g] | K2: max speed @ main deployment [m/s] | P2: wind direction: 90° (coming from East, blowing North); launch rail direction: 180° (pointing North; average case)
A3: =standard!A3 -> 7 | B3: =standard!B3 -> 2 | C3: =standard!C3 -> 400 | D3: =standard!D3 -> 1.59 | E3: =standard!E3 -> 0 | F3: =standard!F3 -> 1000 | G3: =standard!G3 -> 7 | H3: =standard!H3 -> 0 | ... K3: =standard!K3 -> 25
F4: thrust to weight ratio @ rail exit | H4: rail exit velocity [m/s] | J4: stability @ rail exit [cal] | L4: max instability in supersonic region [cal] | N4: apogee [m] | Q4: impact speed [m/s] | S4: Landing distance from launch rail [m] | W4: shock @ drogue deployment [g] | Y4: shock @ main deployment [g] | AA4: speed @ main deployment [m/s]
A5: payload [kg] | B5: total weight (without motor) [kg] | C5: total weight (without prop.; with motor casing) [kg] | D5: (without motor) Total CG of rocket from tip [mm] | E5: wind speed [m/s] | F5: OpenRocket | G5: RocketPy | H5: OpenRocket | I5: RocketPy | J5: OpenRocket | K5: RocketPy | L5: OpenRocket | M5: RocketPy | N5: OpenRocket | O5: RocketPy | P5: Diff | Q5: OpenRocket | R5: RocketPy | S5: OpenRocket | T5: RocketPy | U5: Min | V5: Max | W5: OpenRocket | X5: RocketPy | Y5: OpenRocket | Z5: RocketPy | AA5: OpenRocket | AB5: RocketPy
A6: =standard!A6 -> 0 | B6: =standard!B6 -> 5.584 | C6: =standard!C6 -> 8.692 | D6: =standard!D6 -> 1100.768 | E6: =standard!E6 -> 0 | F6: =standard!F6 -> 20.388034 | G6: =standard!G6 -> 20.27 | H6: =standard!H6 -> 48.869867 | ... O6: =standard!O6 -> 6592 | P6: =O6-N6 -> 358.12298 | Q6: 4.6571115 | R6: 4.75 | S6: 359.49342 | T6: 399 | U6: =MIN(S6:T14) -> 359.49342 | V6: =MAX(S6:T14) -> 8740.37 | Y6: 44.838512 | Z6: 38.94 | AA6: 43.276376 | AB6: 45.64
A7: =standard!A7 -> 0 | B7: =standard!B7 -> 5.584 | C7: =standard!C7 -> 8.692 | D7: =standard!D7 -> 1100.768 | E7: =standard!E7 -> 1 | F7: =standard!F7 -> 20.388034 | G7: =standard!G7 -> 20.27 | H7: =standard!H7 -> 48.869335 | ... O7: =standard!O7 -> 6590 | P7: =O7-N7 -> 356.70223 | Q7: 4.7631751 | R7: 4.75 | S7: 1133.6885 | T7: 1142 | Y7: 44.801985 | Z7: 39.35 | AA7: 43.287934 | AB7: 45.85
A8: =standard!A8 -> 0 | B8: =standard!B8 -> 5.584 | C8: =standard!C8 -> 8.692 | D8: =standard!D8 -> 1100.768 | E8: =standard!E8 -> 2 | F8: =standard!F8 -> 20.388034 | G8: =standard!G8 -> 20.27 | H8: =standard!H8 -> 48.868046 | ... O8: =standard!O8 -> 6587 | P8: =O8-N8 -> 355.41258 | Q8: 5.0682331 | R8: 4.75 | S8: 2171.0025 | T8: 2186 | Y8: 43.7133 | Z8: 40.79 | AA8: 42.558364 | AB8: 46.52
A9: =standard!A9 -> 0 | B9: =standard!B9 -> 5.584 | C9: =standard!C9 -> 8.692 | D9: =standard!D9 -> 1100.768 | E9: =standard!E9 -> 3 | F9: =standard!F9 -> 20.388034 | G9: =standard!G9 -> 20.27 | H9: =standard!H9 -> 48.866299 | ... O9: =standard!O9 -> 6579 | P9: =O9-N9 -> 349.89291 | Q9: 5.5395068 | R9: 4.75 | S9: 3232.3864 | T9: 3142 | Y9: 43.264019 | Z9: 43.45 | AA9: 42.084109 | AB9: 47.65
A10: =standard!A10 -> 0 | B10: =standard!B10 -> 5.584 | C10: =standard!C10 -> 8.692 | D10: =standard!D10 -> 1100.768 | E10: =standard!E10 -> 4 | F10: =standard!F10 -> 20.388034 | G10: =standard!G10 -> 20.27 | H10: =standard!H10 -> 48.864308 | ... O10: =standard!O10 -> 6571 | P10: =O10-N10 -> 344.96128 | Q10: 6.1388342 | R10: 4.75 | S10: 4310.6988 | T10: 4199 | Y10: 42.435855 | Z10: 45.49 | AA10: 41.425967 | AB10: 48.39
A11: =standard!A11 -> 0 | B11: =standard!B11 -> 5.584 | C11: =standard!C11 -> 8.692 | D11: =standard!D11 -> 1100.768 | E11: =standard!E11 -> 5 | F11: =standard!F11 -> 20.388034 | G11: =standard!G11 -> 20.27 | H11: =standard!H11 -> 48.862231 | ... O11: =standard!O11 -> 6557 | P11: =O11-N11 -> 334.26477 | Q11: 6.8326008 | R11: 4.75 | S11: 5401.3002 | T11: 5147 | Y11: 40.797464 | Z11: 48.01 | AA11: 40.365503 | AB11: 49.28
A12: =standard!A12 -> 0 | B12: =standard!B12 -> 5.584 | C12: =standard!C12 -> 8.692 | D12: =standard!D12 -> 1100.768 | E12: =standard!E12 -> 6 | F12: =standard!F12 -> 20.388034 | G12: =standard!G12 -> 20.27 | H12: =standard!H12 -> 48.860187 | ... O12: =standard!O12 -> 6551 | P12: =O12-N12 -> 331.5594 | Q12: 7.5949709 | R12: 4.75 | S12: 6500.8549 | T12: 6162 | Y12: 39.895527 | Z12: 48.83 | AA12: 39.649486 | AB12: 49.6
A13: =standard!A13 -> 0 | B13: =standard!B13 -> 5.584 | C13: =standard!C13 -> 8.692 | D13: =standard!D13 -> 1100.768 | E13: =standard!E13 -> 7 | F13: =standard!F13 -> 20.388034 | G13: =standard!G13 -> 20.27 | H13: =standard!H13 -> 48.858264 | ... O13: =standard!O13 -> 6536 | P13: =O13-N13 -> 319.50047 | Q13: 8.4073023 | R13: 4.75 | S13: 7613.5945 | T13: 7514 | Y13: 38.868679 | Z13: 52.17 | AA13: 38.883854 | AB13: 50.1
A14: =standard!A14 -> 0 | B14: =standard!B14 -> 5.584 | C14: =standard!C14 -> 8.692 | D14: =standard!D14 -> 1100.768 | E14: =standard!E14 -> 8 | F14: =standard!F14 -> 20.388034 | G14: =standard!G14 -> 20.27 | H14: =standard!H14 -> 48.856524 | ... O14: =standard!O14 -> 6496 | P14: =O14-N14 -> 281.84693 | Q14: 9.2564508 | R14: 4.75 | S14: 8740.37 | T14: 8210 | Y14: 38.054532 | Z14: 57.24 | AA14: 38.253306 | AB14: 51.67
A15: =standard!A15 -> 2 | B15: =standard!B15 -> 7.584 | C15: =standard!C15 -> 10.692 | D15: =standard!D15 -> 893.208 | E15: =standard!E15 -> 0 | F15: =standard!F15 -> 17.81112 | G15: =standard!G15 -> 17.71 | H15: =standard!H15 -> 45.537066 | ... O15: =standard!O15 -> 6419 | P15: =O15-N15 -> 309.26382 | Q15: 5.1786589 | R15: 5.26 | S15: 390.88534 | T15: 416 | U15: =MIN(S15:T23) -> 390.88534 | V15: =MAX(S15:T23) -> 7223.0798 | Y15: 32.245906 | Z15: 35.03 | AA15: 40.734557 | AB15: 47.01
A16: =standard!A16 -> 2 | B16: =standard!B16 -> 7.584 | C16: =standard!C16 -> 10.692 | D16: =standard!D16 -> 893.208 | E16: =standard!E16 -> 1 | F16: =standard!F16 -> 17.81112 | G16: =standard!G16 -> 17.71 | H16: =standard!H16 -> 45.536568 | ... O16: =standard!O16 -> 6418 | P16: =O16-N16 -> 309.21916 | Q16: 5.2742257 | R16: 5.26 | S16: 997.04506 | T16: 1004 | Y16: 33.230127 | Z16: 35.46 | AA16: 41.305217 | AB16: 47.24
A17: =standard!A17 -> 2 | B17: =standard!B17 -> 7.584 | C17: =standard!C17 -> 10.692 | D17: =standard!D17 -> 893.208 | E17: =standard!E17 -> 2 | F17: =standard!F17 -> 17.81112 | G17: =standard!G17 -> 17.71 | H17: =standard!H17 -> 45.535377 | ... O17: =standard!O17 -> 6414 | P17: =O17-N17 -> 307.98345 | Q17: 5.5512525 | R17: 5.26 | S17: 1861.3981 | T17: 1872 | Y17: 37.14193 | Z17: 36.91 | AA17: 43.486029 | AB17: 47.96
A18: =standard!A18 -> 2 | B18: =standard!B18 -> 7.584 | C18: =standard!C18 -> 10.692 | D18: =standard!D18 -> 893.208 | E18: =standard!E18 -> 3 | F18: =standard!F18 -> 17.81112 | G18: =standard!G18 -> 17.71 | H18: =standard!H18 -> 45.533786 | ... O18: =standard!O18 -> 6403 | P18: =O18-N18 -> 301.46383 | Q18: 5.9845929 | R18: 5.26 | S18: 2748.9668 | T18: 2659 | Y18: 41.997706 | Z18: 39.33 | AA18: 45.923148 | AB18: 49.14
A19: =standard!A19 -> 2 | B19: =standard!B19 -> 7.584 | C19: =standard!C19 -> 10.692 | D19: =standard!D19 -> 893.208 | E19: =standard!E19 -> 4 | F19: =standard!F19 -> 17.81112 | G19: =standard!G19 -> 17.71 | H19: =standard!H19 -> 45.532002 | ... O19: =standard!O19 -> 6394 | P19: =O19-N19 -> 298.59588 | Q19: 6.5432637 | R19: 5.26 | S19: 3642.0349 | T19: 3557 | Y19: 45.854249 | Z19: 41.09 | AA19: 47.615534 | AB19: 49.8
A20: =standard!A20 -> 2 | B20: =standard!B20 -> 7.584 | C20: =standard!C20 -> 10.692 | D20: =standard!D20 -> 893.208 | E20: =standard!E20 -> 5 | F20: =standard!F20 -> 17.81112 | G20: =standard!G20 -> 17.71 | H20: =standard!H20 -> 45.530175 | ... O20: =standard!O20 -> 6376 | P20: =O20-N20 -> 288.29268 | Q20: 7.198142 | R20: 5.26 | S20: 4537.9089 | T20: 4347 | Y20: 48.606622 | Z20: 43.86 | AA20: 48.631334 | AB20: 50.79
A21: =standard!A21 -> 2 | B21: =standard!B21 -> 7.584 | C21: =standard!C21 -> 10.692 | D21: =standard!D21 -> 893.208 | E21: =standard!E21 -> 6 | F21: =standard!F21 -> 17.81112 | G21: =standard!G21 -> 17.71 | H21: =standard!H21 -> 45.528415 | ... O21: =standard!O21 -> 6369 | P21: =O21-N21 -> 290.44287 | Q21: 7.9254146 | R21: 5.26 | S21: 5432.1898 | T21: 5246 | Y21: 51.491245 | Z21: 44.55 | AA21: 49.601291 | AB21: 50.9
A22: =standard!A22 -> 2 | B22: =standard!B22 -> 7.584 | C22: =standard!C22 -> 10.692 | D22: =standard!D22 -> 893.208 | E22: =standard!E22 -> 7 | F22: =standard!F22 -> 17.81112 | G22: =standard!G22 -> 17.71 | H22: =standard!H22 -> 45.526799 | ... O22: =standard!O22 -> 6351 | P22: =O22-N22 -> 282.99153 | Q22: 8.7069595 | R22: 5.26 | S22: 6328.1183 | T22: 6368 | Y22: 53.468957 | Z22: 47.87 | AA22: 50.026161 | AB22: 51.64
A23: =standard!A23 -> 2 | B23: =standard!B23 -> 7.584 | C23: =standard!C23 -> 10.692 | D23: =standard!D23 -> 893.208 | E23: =standard!E23 -> 8 | F23: =standard!F23 -> 17.81112 | G23: =standard!G23 -> 17.71 | H23: =standard!H23 -> 45.525379 | ... O23: =standard!O23 -> 6300 | P23: =O23-N23 -> 243.771 | Q23: 9.5294329 | R23: 5.26 | S23: 7223.0798 | T23: 6918 | Y23: 55.502583 | Z23: 53.34 | AA23: 50.396791 | AB23: 53.9
A24: =standard!A24 -> 2.5 | B24: =standard!B24 -> 8.084 | C24: =standard!C24 -> 11.192 | D24: =standard!D24 -> 857.365 | E24: =standard!E24 -> 0 | F24: =standard!F24 -> 17.249288 | G24: =standard!G24 -> 17.17 | H24: =standard!H24 -> 44.031822 | ... O24: =standard!O24 -> 6361 | P24: =O24-N24 -> 298.37697 | Q24: 5.3010379 | R24: 5.39 | S24: 392.32535 | T24: 419 | U24: =MIN(S24:T32) -> 392.32535 | V24: =MAX(S24:T32) -> 6928.4684 | Y24: 34.508694 | Z24: 34.18 | AA24: 42.968125 | AB24: 47.26
A25: =standard!A25 -> 2.5 | B25: =standard!B25 -> 8.084 | C25: =standard!C25 -> 11.192 | D25: =standard!D25 -> 857.365 | E25: =standard!E25 -> 1 | F25: =standard!F25 -> 17.249288 | G25: =standard!G25 -> 17.17 | H25: =standard!H25 -> 44.031341 | ... O25: =standard!O25 -> 6359 | P25: =O25-N25 -> 297.39746 | Q25: 5.3944323 | R25: 5.39 | S25: 965.59239 | T25: 974 | Y25: 35.422291 | Z25: 34.64 | AA25: 43.48798 | AB25: 47.5
A26: =standard!A26 -> 2.5 | B26: =standard!B26 -> 8.084 | C26: =standard!C26 -> 11.192 | D26: =standard!D26 -> 857.365 | E26: =standard!E26 -> 2 | F26: =standard!F26 -> 17.249288 | G26: =standard!G26 -> 17.17 | H26: =standard!H26 -> 44.030196 | ... O26: =standard!O26 -> 6355 | P26: =O26-N26 -> 296.36187 | Q26: 5.6655801 | R26: 5.39 | S26: 1793.022 | T26: 1803 | Y26: 38.339008 | Z26: 36.04 | AA26: 45.055126 | AB26: 48.22
A27: =standard!A27 -> 2.5 | B27: =standard!B27 -> 8.084 | C27: =standard!C27 -> 11.192 | D27: =standard!D27 -> 857.365 | E27: =standard!E27 -> 3 | F27: =standard!F27 -> 17.249288 | G27: =standard!G27 -> 17.17 | H27: =standard!H27 -> 44.028679 | ... O27: =standard!O27 -> 6344 | P27: =O27-N27 -> 290.22413 | Q27: 6.0907878 | R27: 5.39 | S27: 2644.2708 | T27: 2556 | Y27: 41.91619 | Z27: 38.33 | AA27: 46.791426 | AB27: 49.38
A28: =standard!A28 -> 2.5 | B28: =standard!B28 -> 8.084 | C28: =standard!C28 -> 11.192 | D28: =standard!D28 -> 857.365 | E28: =standard!E28 -> 4 | F28: =standard!F28 -> 17.249288 | G28: =standard!G28 -> 17.17 | H28: =standard!H28 -> 44.026991 | ... O28: =standard!O28 -> 6334 | P28: =O28-N28 -> 286.89703 | Q28: 6.6405265 | R28: 5.39 | S28: 3500.5939 | T28: 3418 | Y28: 45.472893 | Z28: 39.97 | AA28: 48.373287 | AB28: 49.98
A29: =standard!A29 -> 2.5 | B29: =standard!B29 -> 8.084 | C29: =standard!C29 -> 11.192 | D29: =standard!D29 -> 857.365 | E29: =standard!E29 -> 5 | F29: =standard!F29 -> 17.249288 | G29: =standard!G29 -> 17.17 | H29: =standard!H29 -> 44.025279 | ... O29: =standard!O29 -> 6316 | P29: =O29-N29 -> 277.33179 | Q29: 7.2866653 | R29: 5.39 | S29: 4359.27 | T29: 4172 | Y29: 47.606158 | Z29: 42.88 | AA29: 49.075039 | AB29: 51.02
A30: =standard!A30 -> 2.5 | B30: =standard!B30 -> 8.084 | C30: =standard!C30 -> 11.192 | D30: =standard!D30 -> 857.365 | E30: =standard!E30 -> 6 | F30: =standard!F30 -> 17.249288 | G30: =standard!G30 -> 17.17 | H30: =standard!H30 -> 44.023647 | ... O30: =standard!O30 -> 6309 | P30: =O30-N30 -> 280.4264 | Q30: 8.0058971 | R30: 5.39 | S30: 5215.9403 | T30: 5042 | Y30: 50.48249 | Z30: 43.76 | AA30: 50.052392 | AB30: 51.17
A31: =standard!A31 -> 2.5 | B31: =standard!B31 -> 8.084 | C31: =standard!C31 -> 11.192 | D31: =standard!D31 -> 857.365 | E31: =standard!E31 -> 7 | F31: =standard!F31 -> 17.249288 | G31: =standard!G31 -> 17.17 | H31: =standard!H31 -> 44.022168 | ... O31: =standard!O31 -> 6289 | P31: =O31-N31 -> 272.13111 | Q31: 8.7802782 | R31: 5.39 | S31: 6073.1342 | T31: 6118 | Y31: 52.580193 | Z31: 46.72 | AA31: 50.521791 | AB31: 51.89
A32: =standard!A32 -> 2.5 | B32: =standard!B32 -> 8.084 | C32: =standard!C32 -> 11.192 | D32: =standard!D32 -> 857.365 | E32: =standard!E32 -> 8 | F32: =standard!F32 -> 17.249288 | G32: =standard!G32 -> 17.17 | H32: =standard!H32 -> 44.020888 | ... O32: =standard!O32 -> 6237 | P32: =O32-N32 -> 233.3175 | Q32: 9.5964673 | R32: 5.39 | S32: 6928.4684 | T32: 6640 | Y32: 54.80953 | Z32: 52.83 | AA32: 50.965253 | AB32: 54.39
P33: =AVERAGE(P6:P32) -> 303.58341 | AC33: Average

Sheet Analysis
A1: Comparison
A2: Thrust to weight
A3: Should be the same for both OpenRocket and RocketPy. It is interessting, that is not is excatly the same.
A5: Stability
A6: Stability changes @ OpenRocket for varying wind speeds. This is correct. When the wind speed increases, so does the angle of attack. This causes the CP to move forward and thus decreases stability.
A7: Since in RocketPy's computation of the CP the angle of attack is not considered, the stability does not change for varying wind speeds.
A9: Apogee
A10: RocketPy predicts a higher apogee. (Average: 284 m more)
